{
  "n_rows": 994988,
  "n_missing_content": 12,
  "total_tokens_before": 541791432,
  "total_tokens_after_stopwords": 253480038,
  "vocab_size_before": 2680387,
  "vocab_size_after_stopwords": 1206288,
  "vocab_size_after_stemming": 1049849,
  "reduction_rate_stopwords": 0.5499575247902635,
  "reduction_rate_stemming": 0.12968627724059267,
  "top_100_before": [
    [
      "the",
      26162213
    ],
    [
      ",",
      24240623
    ],
    [
      ".",
      18861801
    ],
    [
      "to",
      12612125
    ],
    [
      "of",
      12463401
    ],
    [
      "and",
      11459761
    ],
    [
      "a",
      9838469
    ],
    [
      "in",
      8653845
    ],
    [
      "that",
      5660343
    ],
    [
      "is",
      5094930
    ],
    [
      "\u2019",
      4587836
    ],
    [
      "for",
      4371421
    ],
    [
      "it",
      3600926
    ],
    [
      "on",
      3486813
    ],
    [
      "\u201c",
      2900092
    ],
    [
      "\u201d",
      2837889
    ],
    [
      "with",
      2829820
    ],
    [
      "s",
      2811087
    ],
    [
      "as",
      2798112
    ],
    [
      ":",
      2628453
    ],
    [
      "was",
      2466292
    ],
    [
      "are",
      2452475
    ],
    [
      "i",
      2401024
    ],
    [
      "by",
      2331078
    ],
    [
      "this",
      2277370
    ],
    [
      "you",
      2229546
    ],
    [
      "at",
      2191398
    ],
    [
      "not",
      2191012
    ],
    [
      "he",
      2166712
    ],
    [
      "be",
      2164312
    ],
    [
      "have",
      2106973
    ],
    [
      ")",
      2085706
    ],
    [
      "(",
      2052469
    ],
    [
      "from",
      2039866
    ],
    [
      "''",
      1751714
    ],
    [
      "they",
      1730083
    ],
    [
      "an",
      1721446
    ],
    [
      "has",
      1716382
    ],
    [
      "we",
      1686924
    ],
    [
      "'s",
      1677393
    ],
    [
      "but",
      1646489
    ],
    [
      "his",
      1630094
    ],
    [
      "or",
      1515184
    ],
    [
      "said",
      1411378
    ],
    [
      "``",
      1388268
    ],
    [
      "who",
      1352688
    ],
    [
      "will",
      1331639
    ],
    [
      "their",
      1269327
    ],
    [
      "all",
      1157958
    ],
    [
      "more",
      1154795
    ],
    [
      "about",
      1105346
    ],
    [
      "?",
      1073134
    ],
    [
      "one",
      1069933
    ],
    [
      "new",
      1055863
    ],
    [
      "can",
      1042916
    ],
    [
      "which",
      1026584
    ],
    [
      "if",
      992368
    ],
    [
      "would",
      975670
    ],
    [
      "what",
      945933
    ],
    [
      "been",
      924532
    ],
    [
      "were",
      920706
    ],
    [
      "there",
      919495
    ],
    [
      "had",
      918573
    ],
    [
      "up",
      889232
    ],
    [
      "people",
      871769
    ],
    [
      "\u2014",
      858332
    ],
    [
      "when",
      855752
    ],
    [
      "$",
      847555
    ],
    [
      "so",
      835312
    ],
    [
      "our",
      829510
    ],
    [
      "out",
      819270
    ],
    [
      "do",
      796530
    ],
    [
      "no",
      774251
    ],
    [
      "its",
      756209
    ],
    [
      "t",
      745209
    ],
    [
      "your",
      701728
    ],
    [
      "also",
      691443
    ],
    [
      "like",
      685135
    ],
    [
      "her",
      678695
    ],
    [
      "than",
      676982
    ],
    [
      "she",
      672022
    ],
    [
      "other",
      653899
    ],
    [
      "after",
      650998
    ],
    [
      "us",
      648552
    ],
    [
      "some",
      641753
    ],
    [
      "just",
      621654
    ],
    [
      ";",
      608839
    ],
    [
      "time",
      600748
    ],
    [
      "into",
      595156
    ],
    [
      "my",
      594609
    ],
    [
      "now",
      593389
    ],
    [
      "them",
      592687
    ],
    [
      "over",
      590432
    ],
    [
      "only",
      571546
    ],
    [
      "even",
      537246
    ],
    [
      "mr.",
      529188
    ],
    [
      "how",
      512288
    ],
    [
      "!",
      505654
    ],
    [
      "could",
      501959
    ],
    [
      "because",
      500084
    ]
  ],